region,transect,plot,sample,na,mg,al,si,p,s,k,ca,ba,ti,v,cr,mn,fe,co,ni,cu,zn
cw,cwa,cwa1,vc_cw_a1,0.123023149,1.069908241,3.463924707,18.8521818,0.015451915,0.738239644,1.138004251,0.74950006,1146.76329,0.522526622,143.9178793,54.25785178,1996.84373,2.746223157,24.47737186,48.39718867,133.514575,261.7508804
cw,cwa,cwa1,vc_cw_a1_1,0.140947327,1.086464832,3.5280129,17.32697009,0.01180178,0.754810794,1.214921485,0.73500198,1388.289705,0.526059042,152.3903709,49.79711832,2560.680494,3.184777932,27.72069537,52.53737749,152.9584055,287.867172
cw,cwa,cwa1,vc_cw_a1_2,0.096493199,1.192693278,3.365048558,16.93132071,0.007337556,0.756318795,1.19087515,0.681744483,1268.88788,0.490262612,133.6146826,52.25079704,2094.959636,2.886835971,24.93742964,51.19112946,111.9995203,280.1211129
cw,cwa,cwa3,vc_cw_a3,0.11197458,1.167471391,3.212820496,16.73152607,0.009376751,0.74813471,1.027369214,0.760974943,1320.796456,0.434554723,110.0035319,37.13857087,2979.338823,2.466497199,24.39439047,41.79061401,118.6295192,306.4306624
cw,cwa,cwa3,vc_cw_a3_1,0.07579817,1.183740847,3.859234272,18.26080333,0.029028753,0.76351986,1.229961581,0.915532943,1385.083432,0.57992762,204.2456626,29.19711466,5047.3591,3.232653132,29.33381861,76.93118698,200.60174,359.3286489
cw,cwa,cwa3,vc_cw_a3_2,0.137152236,1.071546395,3.39893668,17.90502477,0.021004741,0.747530692,1.134631096,0.81958899,1142.20212,0.507797387,156.124844,36.07914485,3648.093127,2.61554395,25.59180724,51.34280639,137.5465925,322.9133336
cw,cwa,cwa5,vc_cw_a5,0.05918968,1.386010512,2.780349623,14.57609142,-0.010634972,0.728060082,0.994437665,0.435911562,820.0842678,0.39951502,66.98200693,42.59831031,681.4736057,2.612196174,24.54724449,34.18238988,35.85251288,241.1921914
cw,cwa,cwa5,vc_cw_a5_1,0.07843439,1.248646674,3.362161091,16.71250239,-0.000659907,0.738073076,1.131892237,0.55149641,1271.251171,0.504718886,100.0548678,51.40080649,1329.029552,3.217782693,28.66800571,48.55671765,96.02350179,290.3825788
cw,cwa,cwa5,vc_cw_a5_2,0.100153281,1.192140654,3.074788826,16.96677957,9.72E-05,0.736468833,1.139171937,0.503317467,1082.951898,0.479716941,75.67956989,48.87925208,746.0085802,2.922910706,25.91820653,38.18757533,67.26153208,252.694394
cw,cwa,cwa7,vc_cw_a7,0.136451668,1.043472364,3.489529915,18.74782556,0.011955008,0.742974298,1.197755827,0.871901147,1569.979522,0.571963501,149.2276785,61.19178095,1677.908573,3.554804091,28.48175113,64.53623366,125.0928167,352.7781022
cw,cwa,cwa7,vc_cw_a7_1,0.108588231,1.1855674,3.180190149,16.42166905,-0.002029546,0.743997775,1.099498475,0.77614957,1199.688017,0.534109155,135.9543769,47.0755315,1489.927203,3.33967186,29.3775206,49.11328644,85.25075852,319.5710276
cw,cwa,cwa7,vc_cw_a7_2,0.143481876,1.114391849,3.219164519,16.23999735,0.001308817,0.743730039,1.147439718,0.764838273,1305.962726,0.546785901,97.19142192,47.8815895,1578.147988,3.389074414,29.72510075,51.48908293,96.31822508,347.5161416
cw,cwa,cwa9,vc_cw_a9,0.161527691,1.087999817,3.497214535,15.42921298,0.003922631,0.732122496,0.965981786,0.644981789,1408.589103,0.554458189,126.7161877,45.09183648,2927.680066,3.836088667,33.84729279,60.25724261,100.0395415,289.5913834
cw,cwa,cwa9,vc_cw_a9_1,0.064185949,1.354419916,3.426342232,14.88935974,0.003444487,0.732726928,0.998146738,0.616647348,1275.120773,0.547755257,165.7536069,45.35544337,2687.100325,3.866522983,34.96791112,53.29939557,92.31764786,307.2234664
cw,cwa,cwa9,vc_cw_a9_2,0.17861518,1.017088719,3.75148647,17.53091535,0.01478384,0.750775824,1.047455474,0.770675048,1634.085181,0.605856155,209.5972594,44.10179621,3073.54363,4.223581193,34.82319371,75.64219168,123.2784079,316.4148895
cw,cwb,cwb1,vc_cw_b1,0.099374887,1.106775116,3.128841655,19.20213998,0.003772128,0.752195566,1.112868303,0.445980779,1211.676081,0.538885444,159.8611331,46.56728157,2066.42283,2.659515437,23.9390701,52.85301492,139.6047517,255.0736211
cw,cwb,cwb1,vc_cw_b1_1,0.080192066,1.266695477,2.756540964,16.30044276,-0.011293028,0.751148611,0.993349278,0.36851064,914.6855864,0.447579512,86.45561543,50.41820803,1132.038269,2.208365006,21.67980609,31.56720686,79.36648754,245.7076887
cw,cwb,cwb1,vc_cw_b1_2,0.072295854,1.228688788,2.979202988,17.703473,-0.004537862,0.752621151,1.085221676,0.37875655,1017.638718,0.479818894,134.2890269,46.48878874,1711.531843,2.493144366,23.31242628,40.22784051,115.7450564,236.2787514
cw,cwb,cwb3,vc_cw_b3,0.147851242,1.063121838,2.947025944,17.77972218,0.001644591,0.748801271,1.21699213,0.557378756,911.6459943,0.447145793,92.18090118,52.13324686,2105.309052,2.656736069,25.94880785,41.1554176,109.1995149,264.6854194
cw,cwb,cwb3,vc_cw_b3_1,0.140109094,1.116898099,2.843749191,16.84540846,7.14E-05,0.763367615,1.205033721,0.504001031,1052.511491,0.471656691,167.4057472,40.34901586,2966.255573,2.903960597,28.11339423,48.92263633,112.8127942,288.1978914
cw,cwb,cwb3,vc_cw_b3_2,0.07381042,1.301145609,2.605448819,15.77409881,-0.005478452,0.761358096,1.163635182,0.42460149,930.147861,0.476175623,146.5379659,40.81905584,2939.554477,2.738116146,28.36570567,41.00792453,103.3052153,276.1311073
cw,cwb,cwb5,vc_cw_b5,0.281850953,0.863490781,3.324506707,16.6825889,-0.005688938,0.74914636,1.579833139,0.468606036,1585.553465,0.597317167,148.3891218,80.99957986,1046.623044,4.840394251,35.975044,64.76129169,78.0684899,236.5461173
cw,cwb,cwb5,vc_cw_b5_1,0.228823212,0.930496028,3.36696231,16.83778963,-0.002549922,0.743077116,1.553968287,0.520267895,1511.997001,0.603217521,195.5572048,77.34896356,1033.801598,5.02639147,38.19751765,68.15587229,94.50080243,239.8539252
cw,cwb,cwb5,vc_cw_b5_2,0.180041962,1.084276722,2.760122197,14.76864589,-0.01438995,0.74299653,1.397219863,0.438297524,1217.729478,0.508482696,94.06558819,69.79346823,721.6318484,4.019526782,31.99516262,51.83143573,44.9928376,233.3277647
cw,cwb,cwb7,vc_cw_b7,0.102413599,1.101908814,2.892970203,19.19877076,-0.003021838,0.740367823,1.233735023,0.476513761,1158.131722,0.483726788,87.71148372,75.236784,367.4520414,3.188585661,24.36526853,41.79819806,98.88357489,191.5048699
cw,cwb,cwb7,vc_cw_b7_1,0.210826615,0.900300186,3.528910796,19.86442322,0.005603648,0.75088141,1.335813878,0.638844111,1090.833757,0.578052857,188.0311096,78.31884628,618.0906647,3.911113613,29.61796116,56.11553888,147.2662139,217.6342895
cw,cwb,cwb7,vc_cw_b7_2,0.233901956,0.904358853,3.202153593,18.539578,-0.003560037,0.764312106,1.302028555,0.43944092,1503.644166,0.559964258,135.7291833,79.21448424,530.688185,3.975675512,30.18258012,58.73433856,123.1103359,225.7615145
cw,cwb,cwb9,vc_cw_b9,0.165288659,0.981994706,3.258385977,19.20700578,0.004944545,0.750132579,1.259757186,0.422905681,1710.639513,0.593586761,170.1496856,83.13596365,457.9390759,4.41833228,30.83963888,68.73283338,147.0339438,229.5665062
cw,cwb,cwb9,vc_cw_b9_1,0.217617418,0.87642653,3.404966178,20.56891551,0.007830971,0.761782646,1.311138726,0.420269506,1821.268794,0.638094673,198.0315424,93.07383114,446.7329906,4.544893448,31.29878842,76.75529467,155.0040554,243.0907706
cw,cwb,cwb9,vc_cw_b9_2,0.108145557,1.107421851,2.961811262,18.82000008,-0.002437229,0.750957709,1.1794889,0.352426054,1025.763618,0.558947663,151.9365888,83.02837494,309.8941538,3.844114415,28.38088007,50.62020504,114.3889888,220.4933207
cw,cwc,cwc1,vc_cw_c1,0.22877067,0.883613423,2.795599968,20.09292797,-0.001681955,0.719455947,1.218675466,0.71441933,1063.248534,0.374856149,58.8677142,67.84272035,395.1653753,1.988007729,18.44521936,24.51272938,87.63669124,215.0798008
cw,cwc,cwc1,vc_cw_c1_1,0.27926052,0.809900816,3.048406583,21.53587539,0.007498076,0.720501245,1.347505453,0.715879364,827.5991348,0.454259482,62.82239499,67.29393764,495.845369,2.238134344,18.49435361,34.31123864,105.3388146,229.6242022
cw,cwc,cwc1,vc_cw_c1_2,0.23918443,0.837474158,3.147034108,21.32114707,0.007451782,0.726207081,1.390240802,0.724844965,888.7315746,0.440269445,94.06732784,69.18074569,518.2365457,2.368459067,19.64709977,34.07045914,131.3463261,221.7424794
cw,cwc,cwc3,vc_cw_c3,0.261912665,0.861700733,3.072399708,19.33307728,0.007534177,0.73808806,1.23432543,0.745321721,1304.804002,0.446896512,70.57429228,59.9296682,1107.977144,2.458222832,21.07148771,38.41097346,118.8515643,295.059376
cw,cwc,cwc3,vc_cw_c3_1,0.207818111,0.920773977,3.012495449,19.1571607,0.005187973,0.745268906,1.192415509,0.685149698,818.3407288,0.457198169,123.3091143,58.73206376,1189.771873,2.520516439,21.68289035,42.14918074,139.0682601,282.7113959
cw,cwc,cwc3,vc_cw_c3_2,0.136922076,1.142630665,2.214603902,15.71188497,-0.008213657,0.7332199,1.023442724,0.707445449,697.1921506,0.38773641,54.02220165,47.60108663,855.5496692,2.024472305,20.22598328,27.1967676,63.73099377,260.8177892
cw,cwc,cwc5,vc_cw_c5,0.155490549,1.104159138,2.701752589,15.73079445,-0.000374829,0.755646948,1.130324399,0.872832101,1153.609656,0.452585219,97.95164917,52.13457146,1534.577945,2.920880774,24.84991804,42.47607,139.8628901,285.6270988
cw,cwc,cwc5,vc_cw_c5_1,0.180545263,1.034911947,2.762480422,16.71990996,-0.001328414,0.751751558,1.171639029,0.794835945,834.1613688,0.451944047,124.2899744,57.99723996,1021.284651,2.806665375,24.32304613,46.49372405,109.171878,276.8587066
cw,cwc,cwc5,vc_cw_c5_2,0.223940381,0.957209021,2.721148107,16.30318419,-0.0016558,0.748752294,1.119639212,0.765476462,799.4031082,0.47267625,137.062465,57.91587503,1077.209929,2.821541767,23.57672184,37.38248322,116.8254072,257.5323603
cw,cwc,cwc7,vc_cw_c7,0.158879425,1.011816988,3.080423134,18.70686814,0.012104036,0.727330446,1.212193539,0.745037013,1068.376616,0.457314909,79.25376484,51.06133148,1951.520185,2.290440268,22.39926996,40.82222384,140.43022,266.3659939
cw,cwc,cwc7,vc_cw_c7_1,0.250067829,0.901433136,2.991980703,17.89832713,0.007046915,0.7385877,1.225506398,0.781342665,994.2282603,0.417143457,104.9937589,47.53560315,2345.758471,2.226699533,21.55420627,40.4046289,164.6520844,300.5098349
cw,cwc,cwc7,vc_cw_c7_2,0.184890851,1.020206594,2.910419347,16.68444819,0.001333219,0.733165085,1.112450029,0.667441995,987.7098986,0.412244037,107.413795,44.16275689,2254.881375,2.365441831,23.88498321,39.6291425,120.3892031,260.9877032
cw,cwc,cwc9,vc_cw_c9,0.13129167,1.07982109,2.912169538,18.28498537,0.005954811,0.738120478,1.195528705,0.696487189,1019.21247,0.420198447,75.27965739,55.04315597,971.7198897,2.293293991,21.74730327,30.50023761,102.1128993,246.9353357
cw,cwc,cwc9,vc_cw_c9_1,0.120053213,1.075054468,2.939079449,18.87488181,0.010716728,0.736471971,1.197162705,0.701510968,930.255151,0.484330785,116.2154732,59.0329117,1609.073959,2.505927085,23.16440433,42.84282715,123.4729298,251.8590422
cw,cwc,cwc9,vc_cw_c9_2,0.225361484,0.908653848,3.358014001,18.40140636,0.014541579,0.752864031,1.250205441,0.762516816,1067.368413,0.491206396,123.7850538,51.41019318,2019.846954,2.88029994,25.59223153,48.64298855,181.3054661,269.7755893
nwf,nwfa,nwfa1,vc_nwf_a1_1,0.038864146,1.608130385,2.176243292,9.219557516,-0.001667247,0.931661019,0.893185836,3.638952942,1836.791646,0.53250916,198.2072742,81.37161912,637.7757362,2.414529024,15.39230263,80.45002772,616.0729283,896.6286855
nwf,nwfa,nwfa1,vc_nwf_a1_2,0.074578475,1.480328216,2.233615369,9.125848561,-0.00136495,0.936977919,0.881269187,3.721835662,1771.178532,0.516478813,215.5290591,80.41360565,651.6258704,2.504364645,15.71098131,75.94392384,633.9801785,908.2972853
nwf,nwfa,nwfa1,vc_nwf_a1_3,0.021422008,1.713379733,2.142074518,8.335926661,-0.00436985,0.922599247,0.865713179,3.592574689,1458.804475,0.519984761,189.7161479,75.57925766,588.186465,2.387885803,16.18117549,59.70321541,551.5593417,866.3863859
nwf,nwfa,nwfa3,vc_nwf_a3_1,0.03164695,1.60408359,2.449822726,10.42299906,0.012993667,0.873990214,0.922067976,3.31389851,1884.515861,0.473716035,161.4518303,91.23703483,1038.665928,3.025523366,21.68173989,29.14608837,827.2253935,1110.625257
nwf,nwfa,nwfa3,vc_nwf_a3_2,0.057140044,1.494603861,2.997106295,10.33832721,0.011153764,0.90592391,0.993391213,3.491945663,2180.45302,0.572432793,219.047465,81.42870972,1832.511752,3.111655731,24.01864768,52.04607816,932.4701883,1211.514519
nwf,nwfa,nwfa3,vc_nwf_a3_3,0.121912371,1.283442562,2.63813822,11.20047845,0.024364412,0.898827799,1.043529038,3.83611751,1851.818637,0.53394374,216.9971043,89.16733388,1237.730261,3.258809578,22.95644822,32.0653777,974.4608954,1142.285621
nwf,nwfa,nwfa5,vc_nwf_a5_1,0.075160409,1.459961567,3.162742194,9.012085471,0.010920165,0.891123186,0.926592999,4.546794098,2101.524115,0.681365666,293.9487669,72.38663324,1007.726617,2.250427277,15.55887406,73.98947172,774.6188233,667.5226931
nwf,nwfa,nwfa5,vc_nwf_a5_2,0.06566884,1.53155361,2.58053936,7.895234468,-0.001212526,0.8604973,0.798486844,4.54692695,1789.772883,0.537003572,214.1513828,71.36905145,719.7047897,1.744194282,12.70772731,37.44304935,656.2880403,662.1003158
nwf,nwfa,nwfa5,vc_nwf_a5_3,0.033200298,1.673985077,2.398296302,8.000955708,-0.012748497,0.846499379,0.78097063,3.368089642,1748.029795,0.503084272,134.9352692,62.13757382,400.0474783,1.593768703,13.7365016,-1.798846763,422.3525486,620.5410605
nwf,nwfa,nwfa7,vc_nwf_a7_1,-0.015680196,1.808871675,4.131112067,9.947973449,-0.014443542,0.869982903,0.889879985,1.456834012,2616.793194,0.848573405,326.3547626,78.17364458,168.4084412,1.883081541,13.13037107,51.73107872,385.0589702,391.0904501
nwf,nwfa,nwfa7,vc_nwf_a7_2,0.05103311,1.481626241,4.811151931,12.14509052,-0.005106458,0.864572528,0.995245482,1.142734321,3012.476284,0.935999043,335.8053027,84.78846793,171.306712,2.06077496,13.92450079,61.25748366,347.7921514,347.8570865
nwf,nwfa,nwfa7,vc_nwf_a7_3,-0.004977143,1.695081061,4.957717256,11.70312925,9.97E-05,0.90326285,1.02237755,1.48412674,3387.880962,0.986986674,430.8560094,96.48060396,185.7626711,2.071528832,12.89525463,90.6930626,509.897497,379.1332263
nwf,nwfa,nwfa9,vc_nwf_a9_1,0.077441814,1.427407632,3.920547667,10.89635687,0.02107343,0.896690329,1.042871841,2.159166561,2053.657275,0.698819126,299.3624552,83.74403353,284.8564954,2.554720709,18.82539356,60.12747593,366.3993509,447.5892816
nwf,nwfa,nwfa9,vc_nwf_a9_2,0.087235777,1.401668114,3.653963286,10.96991831,0.021600915,0.894660703,1.009939049,2.266284101,2277.909503,0.69492206,284.9900465,83.7433712,307.3840934,2.594983222,18.61791175,71.93098394,375.2493341,442.6802286
nwf,nwfa,nwfa9,vc_nwf_a9_3,0.157415831,1.142332398,4.015769788,11.92075117,0.036966876,0.885268858,1.066291179,2.482211056,2140.230673,0.725474324,297.0974483,80.22815638,349.5511443,2.673587056,18.7511914,65.88482942,381.0407822,438.9178412
nwf,nwfb,nwfb1,vc_nwf_b1_1,0.025377588,1.599564917,1.435630408,11.92452862,-0.025079773,0.790194993,0.698242699,0.097642191,418.9731245,0.266086471,-13.45380547,48.52553475,49.98634633,1.866078614,18.58367181,23.85059368,-10.12525466,143.4516158
nwf,nwfb,nwfb1,vc_nwf_b1_2,0.084882528,1.110779116,3.039603784,19.79625908,0.002527442,0.790626272,1.115627709,0.343744451,1078.77983,0.433739674,128.257975,83.21072513,172.2900613,3.035900371,22.61055487,44.97139566,136.93908,209.7406784
nwf,nwfb,nwfb1,vc_nwf_b1_3,0.056954282,1.302868368,2.141676522,17.03024466,-0.011150427,0.77667477,0.920150872,0.259688194,629.368711,0.337137407,48.69239372,65.76750417,97.22286827,2.296616409,19.35518218,22.88524803,66.00553568,186.514767
nwf,nwfb,nwfb3,vc_nwf_b3_1,0.089732686,1.14636188,3.067736291,18.7498748,-0.00046102,0.786349668,1.099763196,0.359643196,1043.949372,0.409415222,138.9196724,64.40908403,790.8983375,2.674687233,21.55640478,45.8922869,145.0745649,237.9215622
nwf,nwfb,nwfb3,vc_nwf_b3_2,0.057313127,1.203249931,3.120305355,19.07441273,0.001657907,0.773187675,1.026900314,0.380769813,863.5716705,0.439436257,114.3252778,64.54031246,707.3678097,2.576454005,21.68299499,40.67181739,138.5342862,213.3080408
nwf,nwfb,nwfb3,vc_nwf_b3_3,0.080108513,1.209379476,3.159049477,17.71423518,0.000506429,0.780712369,1.068845133,0.344103251,1002.755194,0.430357752,163.7241117,65.84327415,850.0728345,2.91432202,22.77544826,46.8612804,166.0682067,232.7745907
nwf,nwfb,nwfb5,vc_nwf_b5_1,0.21349546,0.956440479,3.38585942,17.41487922,0.002483063,0.810651242,1.086549296,0.424543812,1239.951387,0.46936694,251.5460937,58.01548622,2677.053163,3.355087613,26.86903553,82.8131534,244.3323664,279.5885709
nwf,nwfb,nwfb5,vc_nwf_b5_2,0.043066411,1.354103448,3.214725649,16.47779985,-0.001415257,0.81584613,1.035845685,0.423065088,1186.590697,0.445224557,201.3729671,54.84527352,2082.988697,3.034172096,25.44140224,62.43759109,214.2661508,243.5271886
nwf,nwfb,nwfb5,vc_nwf_b5_3,-0.008956542,1.446356966,3.205846427,17.19175054,0.003363067,0.778212581,1.027492384,0.410493108,1875.177997,0.424623452,182.4217046,47.6466936,2165.315848,3.027613838,24.94419759,64.31655345,156.4133752,279.8704521
nwf,nwfb,nwfb7,vc_nwf_b7_1,0.163352132,1.050183125,3.537282697,16.95963783,0.002338825,0.807865583,0.985237848,0.582338314,1293.64542,0.622654681,300.6082806,73.87741549,949.8110522,4.71263937,33.0610748,64.81465091,204.2611713,256.0531343
nwf,nwfb,nwfb7,vc_nwf_b7_2,0.072733709,1.294908965,2.928505725,15.8991447,-0.006459173,0.794472755,0.921892133,0.557043016,1486.586743,0.567861685,198.4275917,64.56605272,550.7282905,3.987388321,30.29747898,44.47740427,122.931988,217.1276305
nwf,nwfb,nwfb7,vc_nwf_b7_3,0.138323108,1.108666869,3.062417257,16.48915356,-0.004176501,0.79218757,0.952615378,0.549446212,1595.135617,0.631592176,217.1939748,69.04937487,658.6003762,4.205581046,31.5305604,55.34682729,159.7431448,219.0503604
nwf,nwfb,nwfb9,vc_nwf_b9_1,0.088213185,1.340426598,2.532607017,13.68523835,-0.011724066,0.824860416,0.822796184,0.457710538,980.9185718,0.463484175,215.2993395,69.90116885,713.5807836,3.314479761,26.65385374,50.30897618,156.2498753,249.8945811
nwf,nwfb,nwfb9,vc_nwf_b9_2,0.0365366,1.464435441,2.53428579,14.27967791,-0.011657135,0.802208465,0.84377462,0.579670717,1067.050546,0.440906767,150.3625959,68.13291243,680.1923375,2.920834073,25.01419477,36.66729991,158.7967189,261.6323668
nwf,nwfb,nwfb9,vc_nwf_b9_3,-0.010430326,1.599459318,2.850444008,14.65333325,-0.009081509,0.834537116,0.850239407,0.504558382,1392.987597,0.494274912,203.5210094,69.34721525,777.4040142,3.532259051,27.39378473,54.27795678,149.7665541,248.2581406
nwf,nwfc,nwfc1,vc_nwf_c1_1,0.006910333,1.43330878,2.945005975,16.78040066,-0.01413138,0.812829026,0.920040204,0.177659058,893.9789289,0.438922596,233.1860942,81.54864862,136.6607513,2.877493088,21.0700523,46.20271843,157.2766064,231.7106192
nwf,nwfc,nwfc1,vc_nwf_c1_2,-0.05084117,1.684802125,2.543601312,15.50664227,-0.017176858,0.817901077,0.845600763,0.146335448,907.292934,0.385260813,187.3534916,85.2286337,108.1273993,2.660768055,19.9852554,32.68069907,161.6328305,224.1440523
nwf,nwfc,nwfc1,vc_nwf_c1_3,0.006010429,1.552008299,2.508184859,14.47352402,-0.017072657,0.811966116,0.830381254,0.119726914,964.0110457,0.392663018,212.7841782,81.69428829,109.3511776,2.849775511,21.18554739,31.43682112,182.1238381,216.6959074
nwf,nwfc,nwfc3,vc_nwf_c3_1,0.066209902,1.372189775,3.113888679,14.32903014,-0.010304995,0.778514773,0.784196739,0.479272242,1030.355474,0.429188187,182.2397271,51.90296913,2001.062558,2.911642249,26.08852155,44.36265653,119.6497638,238.6210624
nwf,nwfc,nwfc3,vc_nwf_c3_2,0.014241661,1.466950296,3.14320595,15.72045641,-0.007034672,0.769359278,0.849373731,0.575017382,1042.193766,0.408451741,140.9244817,56.50988665,1254.368444,2.862990232,25.22381874,42.84774958,117.5292827,230.5047324
nwf,nwfc,nwfc3,vc_nwf_c3_3,-0.019494558,1.717280683,2.753503817,12.59273822,-0.0145198,0.792000599,0.78204011,0.498071088,1180.109782,0.384371848,170.7232053,41.349526,2566.313899,2.597616649,26.82162477,37.1824913,148.1844821,232.8229089
nwf,nwfc,nwfc5,vc_nwf_c5_1,0.089687578,1.327728211,2.745201107,13.93800165,-0.012965949,0.807186984,0.808543339,0.474957178,973.5527339,0.420081172,212.4708979,61.32977765,710.7501156,3.027872162,25.40225204,42.14567953,119.7705567,230.2207834
nwf,nwfc,nwfc5,vc_nwf_c5_2,0.054797442,1.381660296,3.057452355,14.98759041,-0.007499653,0.798168431,0.877351921,0.41723845,1096.895735,0.437730932,227.9713268,63.9149129,893.8598246,3.145267334,26.80574951,43.14395763,132.4744266,229.9915627
nwf,nwfc,nwfc5,vc_nwf_c5_3,0.058544732,1.413285233,2.736255947,13.8619655,-0.013951295,0.788414212,0.8040227,0.37474552,1054.298927,0.3942608,179.0865357,62.50799881,608.5535969,2.848357984,25.65301809,38.58489421,84.82933518,208.9815195
nwf,nwfc,nwfc7,vc_nwf_c7_1,0.060623715,1.399277234,3.017112857,13.97828611,0.000476493,0.778216179,0.817913538,0.458570846,1482.039145,0.455717995,134.0683852,37.27292064,4435.492564,2.979066248,29.22618091,48.24783967,169.6014211,243.2893611
nwf,nwfc,nwfc7,vc_nwf_c7_2,-0.008019466,1.783715726,2.137406542,9.959325041,-0.020042132,0.798015516,0.654991522,0.356933921,800.8276475,0.384842507,152.2253425,35.44246721,3033.119143,2.394735479,27.27613279,27.23020294,95.70918177,228.0382962
nwf,nwfc,nwfc7,vc_nwf_c7_3,0.054471757,1.545797487,2.193852101,10.2852293,-0.01873299,0.816931651,0.650360682,0.358878303,776.7833926,0.393025038,175.5819119,24.85687361,4206.10024,2.263090291,27.65798194,31.89395889,119.8790235,234.565952
nwf,nwfc,nwfc9,vc_nwf_c9_1,0.136729874,1.347064009,2.020773423,8.297055477,-0.016871963,0.76148944,0.554855829,0.767439273,1016.565544,0.441172453,151.4465991,-3.242798213,11105.29411,1.991328515,31.53706603,31.17154746,120.4697315,236.327819
nwf,nwfc,nwfc9,vc_nwf_c9_2,0.132299921,1.320207267,2.274228392,9.089906495,-0.013991744,0.762595119,0.546380961,0.854081686,1237.322608,0.414989671,139.3504725,-12.24558165,12727.9669,1.892612894,31.25917495,36.30837616,118.8204753,248.7216867
nwf,nwfc,nwfc9,vc_nwf_c9_3,0.079740797,1.447667195,2.552658269,10.58864162,-0.003978668,0.761302737,0.617814571,1.000164769,1473.735251,0.522830698,175.6037272,-5.999951289,12043.09253,2.431106491,33.25697669,47.52361507,101.4274027,256.1096167
vh,vha,vha1,vc_vh_a1,0.145941775,1.128172367,3.774607712,14.68030343,0.013562026,0.838453011,1.084339719,0.74468866,1703.55676,0.535754199,321.0379545,68.57038992,1390.186833,4.84920709,34.62358771,76.53284122,236.138215,255.6639072
vh,vha,vha1,vc_vh_a1_1,0.010703256,1.572200379,3.340006634,13.49506846,0.003035484,0.822566371,1.017149442,0.6929325,1295.896162,0.507021787,261.3340696,71.15200581,939.9338797,4.222158473,32.74785377,56.91560947,146.1106001,257.9365757
vh,vha,vha1,vc_vh_a1_2,0.135185297,1.211708727,3.484309217,13.66393695,0.008616693,0.823335777,1.069397491,0.75340112,1210.888172,0.530338241,268.0572344,67.55627235,1221.571795,4.502140151,35.14027665,59.84090621,182.0587054,264.5834089
vh,vha,vha3,vc_vh_a3,0.046250699,1.242587572,3.665531159,18.54319631,0.022271609,0.743484432,1.004447021,0.492218617,1229.170342,0.522531465,126.8933909,72.07931236,1119.818107,3.065681049,24.61908741,45.60195596,152.7380884,239.546418
vh,vha,vha3,vc_vh_a3_1,0.047987183,1.279524364,3.325987578,17.81451523,0.012592217,0.745936789,0.958993097,0.393921099,1225.763758,0.470920552,124.6928706,61.71012053,1158.919334,2.84045484,25.10772952,46.15971144,111.9241153,222.9488381
vh,vha,vha3,vc_vh_a3_2,0.076580797,1.257545906,3.704380763,16.47702852,0.013924978,0.773667768,0.972454828,0.335816487,1244.288114,0.461091094,161.9973717,55.61174978,1495.627105,3.355745196,28.18092331,50.87261268,170.7083374,247.4946106
vh,vha,vha5,vc_vh_a5,0.070306517,1.308686693,3.159218831,15.70262961,0.011730188,0.773824181,0.977544067,0.44402277,1009.656365,0.455173471,170.0861771,56.2212978,1626.916232,2.926609542,25.4416945,57.74499515,146.606881,267.0977384
vh,vha,vha5,vc_vh_a5_1,0.083010037,1.237792555,3.361794968,16.68030168,0.014375044,0.764766823,1.000047641,0.436925622,966.0368259,0.429157632,134.4498896,58.29352275,1433.674475,2.861142693,24.25291679,54.84826073,136.9496849,254.41467
vh,vha,vha5,vc_vh_a5_2,0.043627976,1.440764708,2.908171527,14.30919654,0.001169974,0.781606115,0.92178149,0.410523544,1098.743398,0.373678716,138.5283659,46.84211781,1377.316298,2.532246375,24.27336954,33.79604241,118.0030977,245.6914563
vh,vha,vha7,vc_vh_a7,0.026425527,1.369087196,2.967630648,17.11785266,0.005052489,0.760189374,0.944421843,0.316507264,984.793652,0.449569767,167.8982939,61.93099678,707.3797355,2.88083613,23.8269794,35.8000649,124.0274221,216.1079814
vh,vha,vha7,vc_vh_a7_1,0.048802692,1.324277356,3.243692784,16.77916512,0.005462658,0.801126187,0.953333798,0.279416649,1194.661532,0.439558007,186.7691837,68.03925209,774.9096815,3.239961878,25.08813638,41.07599043,151.2949339,235.5764832
vh,vha,vha7,vc_vh_a7_2,0.01730586,1.425814086,3.159371462,16.46731072,0.004516571,0.787528696,0.939596589,0.283458941,1000.320867,0.457349464,197.5004222,64.56926432,729.593042,3.024499033,24.93725683,40.60374433,134.2122059,233.2423094
vh,vha,vha9,vc_vh_a9,0.104206256,1.161993323,3.218897828,17.52307918,0.009781416,0.790343433,0.980626681,0.285733151,1235.38718,0.46131733,177.2405742,75.44181522,540.7403042,3.134737256,23.88492354,58.72291623,157.4343322,237.627939
vh,vha,vha9,vc_vh_a9_1,0.095036512,1.167388907,3.195890604,17.91616752,0.008596649,0.787621207,0.958304512,0.285906002,1213.782161,0.441208773,186.9994268,74.2840488,523.8648306,3.155037661,23.68813808,49.26702343,168.9145425,241.3781454
vh,vha,vha9,vc_vh_a9_2,0.082013578,1.30651742,2.605847938,15.23689355,-0.006620746,0.767045615,0.859353466,0.213026842,686.2410996,0.382911187,152.3263511,67.32500589,310.9527864,2.607802259,22.30995432,30.38669855,96.67186689,213.0839442
vh,vhb,vhb1,vc_vh_b1,-0.005211762,1.541070325,2.593462984,15.38892576,-0.005001997,0.767789512,0.859161575,0.37263069,839.1395726,0.363089521,120.4288826,63.5498691,275.5984789,2.529926716,21.73787802,26.37305001,87.86746773,216.7652961
vh,vhb,vhb1,vc_vh_b1_1,0.107326186,1.105022662,3.465695929,18.67885903,0.00993355,0.77372901,1.01883517,0.465844928,944.3089965,0.468704164,175.1652683,76.84024289,542.351778,3.140627512,23.8293945,48.2741038,162.5321859,229.940263
vh,vhb,vhb1,vc_vh_b1_2,0.110206588,1.199015778,3.337919564,15.92685042,0.005348955,0.808609183,0.985262675,0.424577023,1139.069293,0.465276647,249.5043455,68.55527366,662.3082679,3.436777037,26.40665694,55.55518612,162.6629534,256.0377318
vh,vhb,vhb3,vc_vh_b3,0.143396516,1.080629575,3.241570293,17.41410929,0.009212583,0.768195505,0.999822415,0.363886071,1005.121844,0.434072623,172.8105562,65.1652803,910.0352107,3.05734728,24.6112088,44.51066367,192.2798204,240.2262376
vh,vhb,vhb3,vc_vh_b3_1,0.061350356,1.26079979,3.413517535,17.50312488,0.006845568,0.763213492,1.003303513,0.400823139,1240.656645,0.412197079,135.2297194,65.14295705,830.0964384,2.990374266,23.62833894,46.42290579,165.7047827,237.2433707
vh,vhb,vhb3,vc_vh_b3_2,0.184004442,0.990089601,3.706262728,18.03028361,0.015426103,0.783231577,1.060483961,0.473378678,1213.300348,0.480471209,168.7759161,69.21217458,1179.562226,3.307919463,25.86723797,67.28966474,220.1572263,251.2461051
vh,vhb,vhb5,vc_vh_b5,0.029743014,1.323346141,3.697874468,17.87120406,0.016831501,0.786812257,1.034577994,0.291916419,1526.221505,0.460196472,184.1028523,64.07048212,1552.243501,3.546552443,27.64865561,77.2178458,229.6766357,249.9440318
vh,vhb,vhb5,vc_vh_b5_1,0.06285949,1.277211794,3.434923382,16.98865477,0.009213251,0.771873563,0.993980256,0.300431969,942.8124387,0.437237888,163.6931181,65.33642717,984.3503044,3.195050201,26.46843268,56.7886314,171.2372411,242.302037
vh,vhb,vhb5,vc_vh_b5_2,0.079525677,1.268225545,3.474305251,16.14347066,0.008463137,0.807882062,1.004761624,0.317972935,1113.778842,0.44318075,201.3979192,65.74684442,1199.764624,3.408626401,26.63547283,63.0713524,214.8498504,265.8696135
vh,vhb,vhb7,vc_vh_b7,0.112975818,1.164060687,3.464086257,16.82379552,0.01149187,0.781115823,0.970915032,0.305443817,948.1837005,0.449405035,204.0281671,72.23006567,634.9058495,3.459209185,25.94211952,49.89635981,182.3897354,227.9974226
vh,vhb,vhb7,vc_vh_b7_1,0.038654766,1.383005326,3.518326992,16.16017242,0.012891172,0.805745642,0.979391434,0.263782645,1474.280262,0.470309074,254.029763,71.60836952,821.8966301,3.784849696,27.56659713,64.76485939,212.1076584,251.787052
vh,vhb,vhb7,vc_vh_b7_2,0.079756043,1.265230848,3.252314693,16.20782542,0.008598691,0.819511602,0.957559521,0.321024154,1087.980656,0.439691486,193.6342123,75.70502418,548.6960723,3.481063912,26.60753369,45.03155862,162.2258941,242.7111934
vh,vhb,vhb9,vc_vh_b9,0.129703513,1.234118359,2.890750947,12.87761768,-0.007092897,0.777580324,0.930285039,0.565551837,1098.147662,0.427496655,162.2207805,59.37368632,781.6471361,3.364611075,29.36236592,39.53365444,92.078008,237.1839574
vh,vhb,vhb9,vc_vh_b9_1,0.059022644,1.312886224,3.561084398,16.25329626,0.011936664,0.764105739,1.086228265,0.739773058,990.4238523,0.437462086,155.1320609,71.76958207,648.8248862,3.549442085,28.13033082,47.01824925,105.5486931,219.2831242
vh,vhb,vhb9,vc_vh_b9_2,0.171629889,1.078301324,3.276052351,15.44800885,0.005396915,0.762162141,1.008343385,0.672418595,1112.47176,0.47936477,190.9343801,63.12547132,678.5194346,3.522819934,28.1931041,49.86095522,115.5315947,237.130354
vh,vhc,vhc1,vc_vh_c1,0.006075795,1.497422724,2.950562199,15.69549796,0.005864542,0.813259166,0.900656767,0.321927485,804.4208233,0.411330659,210.876717,56.16443606,1306.533381,2.708099711,24.06395929,38.6406789,188.9108054,248.0914739
vh,vhc,vhc1,vc_vh_c1_2,0.074106908,1.258409679,3.323229828,16.77209181,0.010860976,0.791092891,0.927326283,0.326579153,977.0280151,0.439387053,189.2636774,64.37729802,1286.500831,2.84544189,24.55145614,43.21653059,184.3342091,253.7436913
vh,vhc,vhc1,vc_vh_c1_3,0.058231055,1.309336726,3.151509475,16.56759993,0.008399364,0.793514916,0.902359925,0.340748138,1088.347698,0.37594366,152.0937905,57.86345006,1354.534346,2.630014159,24.01292964,48.08426077,186.0160408,252.5651282
vh,vhc,vhc3,vc_vh_c3,0.027763766,1.509266088,2.389659873,13.86639158,0.007440414,0.849217976,0.789904847,0.116678818,1120.589819,0.384582195,289.700838,72.33377793,351.4897899,3.321742503,26.16540031,33.58198533,221.979995,242.1698658
vh,vhc,vhc3,vc_vh_c3_1,-0.013585653,1.62663305,2.635537796,14.10035088,0.009199714,0.842164595,0.815450093,0.118184037,956.0068207,0.409373594,311.8407728,74.88729909,344.9160275,3.334790541,26.31789949,39.92899355,191.800121,244.2397413
vh,vhc,vhc3,vc_vh_c3_2,-0.020190895,1.691357608,2.612188059,13.42415269,0.010984693,0.875169807,0.809492256,0.11807537,1155.488975,0.399958726,351.1060312,79.82599169,314.5237588,3.405176643,26.62553546,35.96863836,258.198956,249.8486227
vh,vhc,vhc5,vc_vh_c5,0.024356034,1.572295081,2.403730344,12.534299,-0.002646297,0.833051601,0.794070501,0.25573144,892.1865593,0.367753398,226.9208962,64.31318498,550.7669653,2.6503897,22.8946851,28.52567869,189.7154038,231.9932514
vh,vhc,vhc5,vc_vh_c5_1,0.085948594,1.320185087,2.823151654,14.47915914,0.011424825,0.830756206,0.912553487,0.315598604,1261.458728,0.413718516,259.7568506,71.63542167,757.8263655,3.016923971,24.47078604,52.75067796,221.1452274,249.716342
vh,vhc,vhc5,vc_vh_c5_2,0.039711525,1.502137793,2.813326125,12.9243111,0.004719876,0.874386899,0.901866114,0.372720796,1193.90495,0.4099712,329.8788611,74.44504405,1010.002185,3.141224317,24.9120017,61.61037499,296.4571682,259.1104945
vh,vhc,vhc7,vc_vh_c7,0.051848239,1.307250763,3.082117551,17.03106361,0.005135012,0.774514139,0.968289947,0.400528861,1381.46924,0.437341002,150.1006159,58.19684312,1463.050711,2.858855174,24.95027107,48.00994978,150.8470772,237.2988526
vh,vhc,vhc7,vc_vh_c7_1,0.113973548,1.23374048,3.087777954,14.6785804,-0.001523507,0.800102035,0.931424859,0.357829937,1298.944536,0.439428345,257.343799,49.30029603,2006.082905,3.198435136,27.69919975,55.47204856,209.8133699,251.7421601
vh,vhc,vhc7,vc_vh_c7_2,0.041650938,1.323203999,3.520479164,17.27458532,0.00841168,0.781257063,0.972962701,0.384905899,780.5177854,0.467418087,233.1417177,54.7469388,1474.367332,3.041614936,25.75411142,52.78911696,147.6497809,242.5224425
vh,vhc,vhc9,vc_vh_c9,0.066710351,1.358797502,2.719029646,14.76345643,-0.004239819,0.789382407,0.908193327,0.315805108,1068.081461,0.377574774,135.9780643,53.96555218,1844.297212,2.483054091,24.11346722,38.74529176,118.7757847,245.2396944
vh,vhc,vhc9,vc_vh_c9_1,-0.015751477,1.741369802,2.161010483,11.90348088,-0.017653097,0.776489583,0.732358083,0.180893088,841.6233954,0.336293971,97.32251747,35.69130378,1445.153301,2.130289819,23.23882215,29.48398172,49.08083305,241.8018065
vh,vhc,vhc9,vc_vh_c9_2,0.028116678,1.482350234,2.681066019,14.49261142,-0.006960792,0.77828163,0.853551462,0.292500784,1083.032299,0.363769592,91.99174571,44.45236864,1746.150729,2.344868021,24.28591585,34.60079333,108.2312117,228.2761444
tb,tba,tba1,vc_tb_a1_1,0.17788639,1.013088821,3.251278153,17.36519689,0.013100218,0.787721276,1.389345617,0.729975034,1145.481632,0.50583398,205.5720433,62.86593066,2492.907986,5.403311827,39.35065458,65.24563072,165.1692717,339.1499416
tb,tba,tba1,vc_tb_a1_2,0.14977921,1.042820094,3.263049668,17.92966117,0.017335493,0.781192764,1.393878277,0.745016231,1252.652606,0.515751654,196.9661577,64.78697758,2376.017267,5.266291796,39.43123457,75.14070233,196.76133,335.819296
tb,tba,tba1,vc_tb_a1_3,0.169418129,0.948613889,3.712570891,19.850922,0.031072878,0.775838469,1.484634561,0.824614194,1547.855397,0.539126326,206.4401685,67.55558346,2636.067973,5.492052029,37.81943151,84.72704801,202.8382239,350.7539986
tb,tba,tba3,vc_tb_a3_1,0.170838001,1.002565666,3.2203547,18.22849487,0.009143107,0.762470232,1.406359436,0.928545323,1178.01526,0.434972722,96.16404092,74.47258994,1074.698503,3.883009051,30.55776576,49.50662569,137.505623,347.7813931
tb,tba,tba3,vc_tb_a3_2,0.199295856,0.970274886,3.033635298,17.73956491,0.005844997,0.783299375,1.338549093,0.976898368,1094.428593,0.460345806,178.3406278,63.53865527,1304.936544,4.191161584,31.61494576,51.8126271,159.8560016,345.3248692
tb,tba,tba3,vc_tb_a3_3,0.262554024,0.820581363,3.75117107,20.73796109,0.023379501,0.769061012,1.553582572,1.131966931,1500.627129,0.520220053,154.4095338,69.5357982,1920.111821,4.618253406,33.7948369,78.80066023,181.7556207,357.1055709
tb,tba,tba5,vc_tb_a5_1,0.1825819,0.956230238,3.601150457,19.08203585,0.015906046,0.75444831,1.424914916,0.556680227,1088.31515,0.513455459,171.7639097,77.0123118,1189.653033,4.342460181,32.47262686,58.22613261,130.2579048,270.9978472
tb,tba,tba5,vc_tb_a5_2,0.221802179,0.853852808,3.673828296,21.1276829,0.029478768,0.760064547,1.49325139,0.761682753,1401.312013,0.531565438,170.8024907,76.70074046,1267.377268,4.380302006,31.76913542,73.50385595,162.0925717,279.4340186
tb,tba,tba5,vc_tb_a5_3,0.14546854,1.00942133,3.105964037,19.54688896,0.01076898,0.744384611,1.311064585,0.624139189,860.1930267,0.469083336,91.85418863,69.32970686,734.1369804,3.274781171,26.94617972,40.91411542,121.3730235,242.6691245
tb,tba,tba7,vc_tb_a7_1,0.143734793,1.073182141,3.014721447,17.59848489,0.011583283,0.758553331,1.35834851,0.87681173,887.5275793,0.454751109,156.3169001,68.58301943,1049.712414,3.874361013,30.62669888,59.03387154,123.9416394,313.3758624
tb,tba,tba7,vc_tb_a7_2,0.191219004,1.002643809,2.938091267,17.06750503,0.009460282,0.763125361,1.383153651,0.9701412,1200.591735,0.445506221,137.54236,66.77116394,1056.640917,3.909617964,31.24802575,52.95894855,131.7829805,322.3415152
tb,tba,tba7,vc_tb_a7_3,0.201078795,0.96676221,2.974734552,17.90811293,0.012700738,0.758618467,1.349064165,0.878915358,967.0772899,0.419647728,107.0290436,70.04893213,1006.401829,3.671735847,28.38258476,48.86033009,116.041698,295.5842341
tb,tba,tba9,vc_tb_a9_1,0.139786972,1.01487109,3.100047874,19.54531379,0.007980164,0.732808808,1.218951481,0.968443913,825.569711,0.418217039,70.82716044,66.75911193,844.0490824,2.681488999,20.79043931,50.96250712,113.4119323,283.7810587
tb,tba,tba9,vc_tb_a9_2,0.100057317,1.113225346,3.205635672,18.85080225,0.009562192,0.735836685,1.239049387,0.991444094,965.6945398,0.467073901,116.7141346,66.24872199,962.918494,2.941891297,24.22283497,53.04329654,123.2582969,296.3021885
tb,tba,tba9,vc_tb_a9_3,0.117612099,0.997998939,3.476807687,20.71659993,0.023169033,0.757307918,1.300405672,1.131294996,1372.13154,0.555160315,116.7437473,68.23167974,1204.347826,3.082304292,25.04606215,61.91508399,154.7953165,294.4279918
tb,tbb,tbb1,vc_tb_b1_1,0.22953431,0.959600166,3.013270894,15.69887977,-0.001938363,0.76987403,1.437815353,1.218256725,1181.047978,0.494753713,160.6480751,59.33366157,1791.030145,4.367886546,34.35145808,57.02318119,132.1783922,418.6210223
tb,tbb,tbb1,vc_tb_b1_2,0.162938436,1.052669663,2.770657931,16.6656604,0.000639132,0.752742504,1.322007043,1.076055414,921.1809305,0.44346401,105.2495994,58.52480686,1010.965819,3.167364265,27.31311877,42.44523386,80.82035653,332.7645604
tb,tbb,tbb1,vc_tb_b1_3,0.242145262,0.961096678,2.625054024,16.09498199,-0.002513672,0.750174028,1.310318462,1.106979932,1304.586391,0.385318542,69.53300439,60.65801487,1043.850221,3.319640537,27.93986853,51.06601299,76.7202636,357.6102862
tb,tbb,tbb3,vc_tb_b3_1,0.272852318,0.895622783,3.102837943,16.40447818,0.009225578,0.854915933,1.349830402,1.583484777,1121.712971,0.508811077,181.6215485,65.31935655,1957.516971,4.926734847,35.27785492,73.84531414,253.6028245,444.0658457
tb,tbb,tbb3,vc_tb_b3_2,0.17325207,1.039698617,2.887826871,16.65779228,0.005014317,0.835909609,1.256435377,1.398299492,1133.756502,0.431762431,115.2098638,66.23570228,1225.032335,3.816037073,29.0524497,59.21520433,175.0113976,364.5688179
tb,tbb,tbb3,vc_tb_b3_3,0.156401684,1.056764484,2.876472697,16.80650087,0.008846423,0.82898032,1.30070175,1.356404354,1124.272257,0.426197452,142.4259591,64.30095302,1248.128564,3.980243639,30.72046,54.15910994,169.4830204,374.2215711
tb,tbb,tbb5,vc_tb_b5_1,0.043524809,1.464917954,2.159812512,13.78497588,-0.017943259,0.737033922,1.057390953,0.614519129,634.9003704,0.303997641,36.29809807,49.6542328,261.8857139,2.246430958,22.46275487,21.60516702,38.13459964,266.0504928
tb,tbb,tbb5,vc_tb_b5_2,0.121207637,1.185847009,2.879898575,15.80771497,-0.006649208,0.750599129,1.320454036,0.799103351,1083.991655,0.424381665,84.23434956,59.1145404,652.9884601,2.899882277,25.05138786,40.24851774,100.1270301,327.5704155
tb,tbb,tbb5,vc_tb_b5_3,0.131922363,1.079632491,3.058047343,18.22409134,-7.01E-05,0.748570502,1.284670487,0.84583065,1030.337501,0.388815008,67.16134385,67.42766945,607.7765987,2.755683337,22.38523837,38.17415189,134.9590312,315.6055785
tb,tbb,tbb7,vc_tb_b7_1,0.190188792,0.982022839,2.866320942,17.85419073,-0.00126876,0.753448973,1.176815701,0.907820078,685.9494305,0.400959008,74.16464713,60.1284133,491.3816867,2.222600502,20.05028247,34.70906943,89.0152587,267.6779669
tb,tbb,tbb7,vc_tb_b7_2,0.18890844,0.935301958,3.291576601,19.35919425,0.006659671,0.762284077,1.279502512,1.006668551,725.7940231,0.434226919,89.73770442,69.78956766,702.4644371,2.563686329,20.47160697,51.83128644,141.4370523,268.1993609
tb,tbb,tbb7,vc_tb_b7_3,0.17802605,0.988374582,3.122271234,18.51138139,0.001739504,0.7452679,1.209731976,0.860463387,793.7227354,0.408355836,89.68715013,62.42410278,501.7752117,2.483643268,20.86703069,38.85773414,95.34929661,258.3054122
tb,tbb,tbb9,vc_tb_b9_1,0.066077865,1.261369533,2.570808357,17.2825427,0.003020464,0.780797806,1.147679488,0.773787376,827.3941647,0.368683668,100.0136343,69.85119482,414.2299599,2.726716917,21.61088163,44.7377518,137.8262857,267.9146193
tb,tbb,tbb9,vc_tb_b9_2,0.122680758,1.031613037,3.216726379,19.89842149,0.019695305,0.789536135,1.273478392,0.827026958,1115.078143,0.500564589,132.6752895,81.17623365,525.3541093,3.032872149,22.01545725,67.03637911,172.3608575,280.7234566
tb,tbb,tbb9,vc_tb_b9_3,0.153544152,1.065814181,2.785363224,17.5216698,0.008597467,0.784660307,1.206996863,0.804463371,929.9489577,0.444524913,127.4198042,75.87819922,582.3031004,3.19109375,23.97671203,59.8315759,165.8784689,297.3067278
tb,tbc,tbc1,vc_tb_c1_1,0.112312895,1.142812119,2.525132623,17.52792202,-0.001357344,0.765731792,1.190531769,0.763848433,810.126901,0.391065161,73.56537018,67.55442339,362.373601,2.483699562,20.81736668,30.6849976,120.155863,238.9938253
tb,tbc,tbc1,vc_tb_c1_2,0.10644795,1.133559844,2.764355706,18.09834625,0.002350046,0.767698624,1.177235257,0.942707962,784.5775749,0.369187455,66.14445448,68.91018772,364.8151352,2.228678905,20.70046704,23.54430998,117.1961268,224.4098535
tb,tbc,tbc1,vc_tb_c1_3,0.104225139,1.139611883,2.903791803,17.99945116,0.007194248,0.769056858,1.254718506,1.085947266,821.8360076,0.341484492,102.9007285,69.40803083,479.4442278,2.461668151,19.95576669,34.52176365,139.3410164,238.5106745
tb,tbc,tbc3,vc_tb_c3_1,0.198416376,0.891105295,3.855242284,20.35168474,0.022906808,0.733809077,1.587605886,1.206503196,1500.758285,0.54240723,103.2753881,72.76660949,1134.879399,3.459409544,26.29666374,61.98003246,148.4404415,285.3645443
tb,tbc,tbc3,vc_tb_c3_2,0.216082668,0.887065775,3.811461219,19.5464517,0.013404316,0.742031039,1.669601274,0.991817612,1241.379197,0.499743076,192.1564778,65.17803978,1324.246062,3.979774081,30.24192005,69.6196478,168.2283108,303.1394635
tb,tbc,tbc3,vc_tb_c3_3,0.167538069,0.985732087,3.35969228,18.79149184,0.006053191,0.741024782,1.491034594,1.015326142,1387.773213,0.516535552,110.4466061,64.25906207,900.1828541,3.299311384,25.7487316,47.41591094,106.4233193,273.9854053
tb,tbc,tbc5,vc_tb_c5_1,0.267906187,0.83655119,3.552120722,20.60452311,0.019732327,0.79737497,1.322042171,0.959984053,655.303579,0.431870224,183.2707928,83.47654918,501.186549,3.227947933,22.76341845,72.92618513,180.0851675,250.8371612
tb,tbc,tbc5,vc_tb_c5_2,0.170751581,0.965891157,3.502254213,19.28118319,0.018396599,0.80033555,1.374517218,1.005975675,1145.261123,0.513707777,200.7612369,83.00209386,670.7788798,3.725268324,25.79552271,65.66102577,200.6238204,273.6408173
tb,tbc,tbc5,vc_tb_c5_3,0.098164645,1.241417142,2.220467644,15.76640735,-0.009025072,0.758917473,1.020082611,0.706917016,879.4848753,0.334340072,39.85522467,60.86375245,198.2044626,2.276542177,19.99893601,20.29972936,63.20475471,213.4892757
tb,tbc,tbc7,vc_tb_c7_1,0.069076374,1.27230798,2.961842412,16.800592,0.010716406,0.827429433,1.019845531,0.467009616,864.756843,0.374691116,144.4846739,84.41272153,271.7319014,3.07496701,22.67827599,37.21866643,291.468725,228.3095481
tb,tbc,tbc7,vc_tb_c7_2,0.209895453,0.85204399,3.72414045,21.49908665,0.033826637,0.795744523,1.259802169,0.573633805,1147.577152,0.504270366,191.8580308,91.26544075,496.8483883,3.661215615,24.11528795,76.64229912,308.1465215,226.0888023
tb,tbc,tbc7,vc_tb_c7_3,0.088213138,1.184552986,3.039226612,17.91470367,0.008011579,0.790655095,1.088809264,0.36159326,923.3075594,0.419756297,133.061245,78.47432074,243.5683035,3.205222177,24.8511924,39.02376731,189.4821699,214.9536917
tb,tbc,tbc9,vc_tb_c9_1,0.09729071,1.08615811,3.142966071,19.72116521,0.022969078,0.885473398,1.233298365,0.662855368,895.14703,0.370702386,176.9336831,85.32374771,415.8801339,3.242446899,22.79445354,71.51507098,241.364216,261.4425588
tb,tbc,tbc9,vc_tb_c9_2,0.136944334,1.03820892,2.754457184,19.17841164,0.01616331,0.836779257,1.127686563,0.800147746,733.3054228,0.317693383,131.4455704,85.45955768,281.6493481,2.648603186,20.23644845,46.11841879,134.7342561,255.7402704
tb,tbc,tba9,vc_tb_c9_3,0.073627328,1.358947119,2.461041656,14.10417424,-0.000243907,0.901167469,1.048196244,0.437643524,1027.665648,0.431980052,223.3771668,86.95599206,436.9567523,4.090917856,27.54611931,88.5027139,322.3990605,335.7977741
